Username,Date accessed
admin,2026-01-19 22:31:34.947936
admin,2026-01-19 22:33:53.907088
admin,2026-01-19 22:34:50.849802
admin,2026-01-19 22:48:31.369857
admin,2026-01-19 22:52:57.364418
admin,2026-01-19 23:20:30.879046
admin,2026-01-19 23:31:12.396688
admin,2026-01-20 19:49:17.075982
admin,2026-01-21 18:57:05.596765
admin,2026-01-21 18:58:23.202179
admin,2026-01-21 19:37:56.033801
admin,2026-01-21 19:39:31.989673
admin,2026-01-21 19:40:23.307011
admin,2026-01-21 19:55:07.848247
admin,2026-01-21 20:01:46.888748
